year,median_mgal
2013,1.855934
2014,2.548903
2015,4.203786
2016,6.588233
2017,9.146886
2018,10.131221
2019,12.10440202
2020,14.670594
2021,14.8581855
2022,15.998892
2023,17.467485
2024,19.08039
2025,20.12388
2026,20.161776600000003
